<?xml version="1.0" encoding="UTF-8"?>
<index>
	<title>Source of LoaderOBJTest</title>
	<nodes>
		<node icon="packageIcon" label="[source path] src.away3d" expanded="true">
			<node icon="actionScriptIcon" label="arcane.as" url="source/[source path] src/away3d/arcane.as.html"/>
			<node label="away3d-license.txt" url="source/[source path] src/away3d/away3d-license.txt"/>
		</node>
		<node icon="packageIcon" label="[source path] src.away3d.animators" expanded="true">
			<node icon="actionScriptIcon" label="AnimatorBase.as" url="source/[source path] src/away3d/animators/AnimatorBase.as.html"/>
			<node icon="actionScriptIcon" label="BlendingSkeletonAnimator.as" url="source/[source path] src/away3d/animators/BlendingSkeletonAnimator.as.html"/>
			<node icon="actionScriptIcon" label="PathAnimator.as" url="source/[source path] src/away3d/animators/PathAnimator.as.html"/>
			<node icon="actionScriptIcon" label="SkeletonAnimator.as" url="source/[source path] src/away3d/animators/SkeletonAnimator.as.html"/>
			<node icon="actionScriptIcon" label="SkeletonAnimatorBase.as" url="source/[source path] src/away3d/animators/SkeletonAnimatorBase.as.html"/>
			<node icon="actionScriptIcon" label="SmoothSkeletonAnimator.as" url="source/[source path] src/away3d/animators/SmoothSkeletonAnimator.as.html"/>
			<node icon="actionScriptIcon" label="UVAnimator.as" url="source/[source path] src/away3d/animators/UVAnimator.as.html"/>
			<node icon="actionScriptIcon" label="VertexAnimator.as" url="source/[source path] src/away3d/animators/VertexAnimator.as.html"/>
		</node>
		<node icon="packageIcon" label="[source path] src.away3d.animators.data" expanded="true">
			<node icon="actionScriptIcon" label="AnimationBase.as" url="source/[source path] src/away3d/animators/data/AnimationBase.as.html"/>
			<node icon="actionScriptIcon" label="AnimationSequenceBase.as" url="source/[source path] src/away3d/animators/data/AnimationSequenceBase.as.html"/>
			<node icon="actionScriptIcon" label="AnimationStateBase.as" url="source/[source path] src/away3d/animators/data/AnimationStateBase.as.html"/>
			<node icon="actionScriptIcon" label="NullAnimation.as" url="source/[source path] src/away3d/animators/data/NullAnimation.as.html"/>
			<node icon="actionScriptIcon" label="SkeletonAnimation.as" url="source/[source path] src/away3d/animators/data/SkeletonAnimation.as.html"/>
			<node icon="actionScriptIcon" label="SkeletonAnimationSequence.as" url="source/[source path] src/away3d/animators/data/SkeletonAnimationSequence.as.html"/>
			<node icon="actionScriptIcon" label="SkeletonAnimationState.as" url="source/[source path] src/away3d/animators/data/SkeletonAnimationState.as.html"/>
			<node icon="actionScriptIcon" label="UVAnimationFrame.as" url="source/[source path] src/away3d/animators/data/UVAnimationFrame.as.html"/>
			<node icon="actionScriptIcon" label="UVAnimationSequence.as" url="source/[source path] src/away3d/animators/data/UVAnimationSequence.as.html"/>
			<node icon="actionScriptIcon" label="VertexAnimation.as" url="source/[source path] src/away3d/animators/data/VertexAnimation.as.html"/>
			<node icon="actionScriptIcon" label="VertexAnimationMode.as" url="source/[source path] src/away3d/animators/data/VertexAnimationMode.as.html"/>
			<node icon="actionScriptIcon" label="VertexAnimationSequence.as" url="source/[source path] src/away3d/animators/data/VertexAnimationSequence.as.html"/>
			<node icon="actionScriptIcon" label="VertexAnimationState.as" url="source/[source path] src/away3d/animators/data/VertexAnimationState.as.html"/>
		</node>
		<node icon="packageIcon" label="[source path] src.away3d.animators.skeleton" expanded="true">
			<node icon="actionScriptIcon" label="JointPose.as" url="source/[source path] src/away3d/animators/skeleton/JointPose.as.html"/>
			<node icon="actionScriptIcon" label="Skeleton.as" url="source/[source path] src/away3d/animators/skeleton/Skeleton.as.html"/>
			<node icon="actionScriptIcon" label="SkeletonAdditiveNode.as" url="source/[source path] src/away3d/animators/skeleton/SkeletonAdditiveNode.as.html"/>
			<node icon="actionScriptIcon" label="SkeletonBinaryLERPNode.as" url="source/[source path] src/away3d/animators/skeleton/SkeletonBinaryLERPNode.as.html"/>
			<node icon="actionScriptIcon" label="SkeletonClipNodeBase.as" url="source/[source path] src/away3d/animators/skeleton/SkeletonClipNodeBase.as.html"/>
			<node icon="actionScriptIcon" label="SkeletonDirectionalNode.as" url="source/[source path] src/away3d/animators/skeleton/SkeletonDirectionalNode.as.html"/>
			<node icon="actionScriptIcon" label="SkeletonJoint.as" url="source/[source path] src/away3d/animators/skeleton/SkeletonJoint.as.html"/>
			<node icon="actionScriptIcon" label="SkeletonNaryLERPNode.as" url="source/[source path] src/away3d/animators/skeleton/SkeletonNaryLERPNode.as.html"/>
			<node icon="actionScriptIcon" label="SkeletonPose.as" url="source/[source path] src/away3d/animators/skeleton/SkeletonPose.as.html"/>
			<node icon="actionScriptIcon" label="SkeletonRangeClipNode.as" url="source/[source path] src/away3d/animators/skeleton/SkeletonRangeClipNode.as.html"/>
			<node icon="actionScriptIcon" label="SkeletonTimelineClipNode.as" url="source/[source path] src/away3d/animators/skeleton/SkeletonTimelineClipNode.as.html"/>
			<node icon="actionScriptIcon" label="SkeletonTreeNode.as" url="source/[source path] src/away3d/animators/skeleton/SkeletonTreeNode.as.html"/>
			<node icon="actionScriptIcon" label="SkeletonUtils.as" url="source/[source path] src/away3d/animators/skeleton/SkeletonUtils.as.html"/>
		</node>
		<node icon="packageIcon" label="[source path] src.away3d.animators.utils" expanded="true">
			<node icon="actionScriptIcon" label="TimelineUtil.as" url="source/[source path] src/away3d/animators/utils/TimelineUtil.as.html"/>
		</node>
		<node icon="packageIcon" label="[source path] src.away3d.audio" expanded="true">
			<node icon="actionScriptIcon" label="Sound3D.as" url="source/[source path] src/away3d/audio/Sound3D.as.html"/>
			<node icon="actionScriptIcon" label="SoundTransform3D.as" url="source/[source path] src/away3d/audio/SoundTransform3D.as.html"/>
		</node>
		<node icon="packageIcon" label="[source path] src.away3d.audio.drivers" expanded="true">
			<node icon="actionScriptIcon" label="AbstractSound3DDriver.as" url="source/[source path] src/away3d/audio/drivers/AbstractSound3DDriver.as.html"/>
			<node icon="actionScriptIcon" label="ISound3DDriver.as" url="source/[source path] src/away3d/audio/drivers/ISound3DDriver.as.html"/>
			<node icon="actionScriptIcon" label="SimplePanVolumeDriver.as" url="source/[source path] src/away3d/audio/drivers/SimplePanVolumeDriver.as.html"/>
		</node>
		<node icon="packageIcon" label="[source path] src.away3d.bounds" expanded="true">
			<node icon="actionScriptIcon" label="AxisAlignedBoundingBox.as" url="source/[source path] src/away3d/bounds/AxisAlignedBoundingBox.as.html"/>
			<node icon="actionScriptIcon" label="BoundingSphere.as" url="source/[source path] src/away3d/bounds/BoundingSphere.as.html"/>
			<node icon="actionScriptIcon" label="BoundingVolumeBase.as" url="source/[source path] src/away3d/bounds/BoundingVolumeBase.as.html"/>
			<node icon="actionScriptIcon" label="NullBounds.as" url="source/[source path] src/away3d/bounds/NullBounds.as.html"/>
		</node>
		<node icon="packageIcon" label="[source path] src.away3d.cameras" expanded="true">
			<node icon="actionScriptIcon" label="Camera3D.as" url="source/[source path] src/away3d/cameras/Camera3D.as.html"/>
			<node icon="actionScriptIcon" label="SpringCam.as" url="source/[source path] src/away3d/cameras/SpringCam.as.html"/>
		</node>
		<node icon="packageIcon" label="[source path] src.away3d.cameras.lenses" expanded="true">
			<node icon="actionScriptIcon" label="LensBase.as" url="source/[source path] src/away3d/cameras/lenses/LensBase.as.html"/>
			<node icon="actionScriptIcon" label="OrthographicLens.as" url="source/[source path] src/away3d/cameras/lenses/OrthographicLens.as.html"/>
			<node icon="actionScriptIcon" label="OrthographicOffCenterLens.as" url="source/[source path] src/away3d/cameras/lenses/OrthographicOffCenterLens.as.html"/>
			<node icon="actionScriptIcon" label="PerspectiveLens.as" url="source/[source path] src/away3d/cameras/lenses/PerspectiveLens.as.html"/>
		</node>
		<node icon="packageIcon" label="[source path] src.away3d.containers" expanded="true">
			<node icon="actionScriptIcon" label="ObjectContainer3D.as" url="source/[source path] src/away3d/containers/ObjectContainer3D.as.html"/>
			<node icon="actionScriptIcon" label="Scene3D.as" url="source/[source path] src/away3d/containers/Scene3D.as.html"/>
			<node icon="actionScriptIcon" label="View3D.as" url="source/[source path] src/away3d/containers/View3D.as.html"/>
		</node>
		<node icon="packageIcon" label="[source path] src.away3d.core.base" expanded="true">
			<node icon="actionScriptIcon" label="Geometry.as" url="source/[source path] src/away3d/core/base/Geometry.as.html"/>
			<node icon="actionScriptIcon" label="IMaterialOwner.as" url="source/[source path] src/away3d/core/base/IMaterialOwner.as.html"/>
			<node icon="actionScriptIcon" label="IRenderable.as" url="source/[source path] src/away3d/core/base/IRenderable.as.html"/>
			<node icon="actionScriptIcon" label="Object3D.as" url="source/[source path] src/away3d/core/base/Object3D.as.html"/>
			<node icon="actionScriptIcon" label="SkinnedSubGeometry.as" url="source/[source path] src/away3d/core/base/SkinnedSubGeometry.as.html"/>
			<node icon="actionScriptIcon" label="SubGeometry.as" url="source/[source path] src/away3d/core/base/SubGeometry.as.html"/>
			<node icon="actionScriptIcon" label="SubMesh.as" url="source/[source path] src/away3d/core/base/SubMesh.as.html"/>
		</node>
		<node icon="packageIcon" label="[source path] src.away3d.core.base.data" expanded="true">
			<node icon="actionScriptIcon" label="Face.as" url="source/[source path] src/away3d/core/base/data/Face.as.html"/>
			<node icon="actionScriptIcon" label="UV.as" url="source/[source path] src/away3d/core/base/data/UV.as.html"/>
			<node icon="actionScriptIcon" label="Vertex.as" url="source/[source path] src/away3d/core/base/data/Vertex.as.html"/>
		</node>
		<node icon="packageIcon" label="[source path] src.away3d.core.data" expanded="true">
			<node icon="actionScriptIcon" label="RenderableListItem.as" url="source/[source path] src/away3d/core/data/RenderableListItem.as.html"/>
			<node icon="actionScriptIcon" label="RenderableListItemPool.as" url="source/[source path] src/away3d/core/data/RenderableListItemPool.as.html"/>
		</node>
		<node icon="packageIcon" label="[source path] src.away3d.core.managers" expanded="true">
			<node icon="actionScriptIcon" label="AGALProgram3DAssembler.as" url="source/[source path] src/away3d/core/managers/AGALProgram3DAssembler.as.html"/>
			<node icon="actionScriptIcon" label="CubeTexture3DProxy.as" url="source/[source path] src/away3d/core/managers/CubeTexture3DProxy.as.html"/>
			<node icon="actionScriptIcon" label="Mouse3DManager.as" url="source/[source path] src/away3d/core/managers/Mouse3DManager.as.html"/>
			<node icon="actionScriptIcon" label="Program3DAssemblerBase.as" url="source/[source path] src/away3d/core/managers/Program3DAssemblerBase.as.html"/>
			<node icon="actionScriptIcon" label="Stage3DManager.as" url="source/[source path] src/away3d/core/managers/Stage3DManager.as.html"/>
			<node icon="actionScriptIcon" label="Stage3DProxy.as" url="source/[source path] src/away3d/core/managers/Stage3DProxy.as.html"/>
			<node icon="actionScriptIcon" label="Texture3DProxy.as" url="source/[source path] src/away3d/core/managers/Texture3DProxy.as.html"/>
		</node>
		<node icon="packageIcon" label="[source path] src.away3d.core.math" expanded="true">
			<node icon="actionScriptIcon" label="MathConsts.as" url="source/[source path] src/away3d/core/math/MathConsts.as.html"/>
			<node icon="actionScriptIcon" label="Matrix3DUtils.as" url="source/[source path] src/away3d/core/math/Matrix3DUtils.as.html"/>
			<node icon="actionScriptIcon" label="Plane3D.as" url="source/[source path] src/away3d/core/math/Plane3D.as.html"/>
			<node icon="actionScriptIcon" label="PlaneClassification.as" url="source/[source path] src/away3d/core/math/PlaneClassification.as.html"/>
			<node icon="actionScriptIcon" label="Quaternion.as" url="source/[source path] src/away3d/core/math/Quaternion.as.html"/>
			<node icon="actionScriptIcon" label="Vector3DUtils.as" url="source/[source path] src/away3d/core/math/Vector3DUtils.as.html"/>
		</node>
		<node icon="packageIcon" label="[source path] src.away3d.core.partition" expanded="true">
			<node icon="actionScriptIcon" label="CameraNode.as" url="source/[source path] src/away3d/core/partition/CameraNode.as.html"/>
			<node icon="actionScriptIcon" label="EntityNode.as" url="source/[source path] src/away3d/core/partition/EntityNode.as.html"/>
			<node icon="actionScriptIcon" label="LightNode.as" url="source/[source path] src/away3d/core/partition/LightNode.as.html"/>
			<node icon="actionScriptIcon" label="MeshNode.as" url="source/[source path] src/away3d/core/partition/MeshNode.as.html"/>
			<node icon="actionScriptIcon" label="NodeBase.as" url="source/[source path] src/away3d/core/partition/NodeBase.as.html"/>
			<node icon="actionScriptIcon" label="NullNode.as" url="source/[source path] src/away3d/core/partition/NullNode.as.html"/>
			<node icon="actionScriptIcon" label="Octree.as" url="source/[source path] src/away3d/core/partition/Octree.as.html"/>
			<node icon="actionScriptIcon" label="OctreeNode.as" url="source/[source path] src/away3d/core/partition/OctreeNode.as.html"/>
			<node icon="actionScriptIcon" label="Partition3D.as" url="source/[source path] src/away3d/core/partition/Partition3D.as.html"/>
			<node icon="actionScriptIcon" label="QuadTree.as" url="source/[source path] src/away3d/core/partition/QuadTree.as.html"/>
			<node icon="actionScriptIcon" label="QuadTreeNode.as" url="source/[source path] src/away3d/core/partition/QuadTreeNode.as.html"/>
			<node icon="actionScriptIcon" label="RenderableNode.as" url="source/[source path] src/away3d/core/partition/RenderableNode.as.html"/>
			<node icon="actionScriptIcon" label="SkyBoxNode.as" url="source/[source path] src/away3d/core/partition/SkyBoxNode.as.html"/>
		</node>
		<node icon="packageIcon" label="[source path] src.away3d.core.render" expanded="true">
			<node icon="actionScriptIcon" label="DefaultRenderer.as" url="source/[source path] src/away3d/core/render/DefaultRenderer.as.html"/>
			<node icon="actionScriptIcon" label="DepthRenderer.as" url="source/[source path] src/away3d/core/render/DepthRenderer.as.html"/>
			<node icon="actionScriptIcon" label="HitTestRenderer.as" url="source/[source path] src/away3d/core/render/HitTestRenderer.as.html"/>
			<node icon="actionScriptIcon" label="PositionRenderer.as" url="source/[source path] src/away3d/core/render/PositionRenderer.as.html"/>
			<node icon="actionScriptIcon" label="RendererBase.as" url="source/[source path] src/away3d/core/render/RendererBase.as.html"/>
		</node>
		<node icon="packageIcon" label="[source path] src.away3d.core.sort" expanded="true">
			<node icon="actionScriptIcon" label="EntitySorterBase.as" url="source/[source path] src/away3d/core/sort/EntitySorterBase.as.html"/>
			<node icon="actionScriptIcon" label="RenderableMergeSort.as" url="source/[source path] src/away3d/core/sort/RenderableMergeSort.as.html"/>
		</node>
		<node icon="packageIcon" label="[source path] src.away3d.core.traverse" expanded="true">
			<node icon="actionScriptIcon" label="EntityCollector.as" url="source/[source path] src/away3d/core/traverse/EntityCollector.as.html"/>
			<node icon="actionScriptIcon" label="PartitionTraverser.as" url="source/[source path] src/away3d/core/traverse/PartitionTraverser.as.html"/>
			<node icon="actionScriptIcon" label="ShadowCasterCollector.as" url="source/[source path] src/away3d/core/traverse/ShadowCasterCollector.as.html"/>
		</node>
		<node icon="packageIcon" label="[source path] src.away3d.debug" expanded="true">
			<node icon="actionScriptIcon" label="AwayStats.as" url="source/[source path] src/away3d/debug/AwayStats.as.html"/>
			<node icon="actionScriptIcon" label="Debug.as" url="source/[source path] src/away3d/debug/Debug.as.html"/>
		</node>
		<node icon="packageIcon" label="[source path] src.away3d.entities" expanded="true">
			<node icon="actionScriptIcon" label="Entity.as" url="source/[source path] src/away3d/entities/Entity.as.html"/>
			<node icon="actionScriptIcon" label="Mesh.as" url="source/[source path] src/away3d/entities/Mesh.as.html"/>
			<node icon="actionScriptIcon" label="SegmentSet.as" url="source/[source path] src/away3d/entities/SegmentSet.as.html"/>
			<node icon="actionScriptIcon" label="Sprite3D.as" url="source/[source path] src/away3d/entities/Sprite3D.as.html"/>
			<node icon="actionScriptIcon" label="TextureProjector.as" url="source/[source path] src/away3d/entities/TextureProjector.as.html"/>
		</node>
		<node icon="packageIcon" label="[source path] src.away3d.errors" expanded="true">
			<node icon="actionScriptIcon" label="AbstractMethodError.as" url="source/[source path] src/away3d/errors/AbstractMethodError.as.html"/>
		</node>
		<node icon="packageIcon" label="[source path] src.away3d.events" expanded="true">
			<node icon="actionScriptIcon" label="AnimatorEvent.as" url="source/[source path] src/away3d/events/AnimatorEvent.as.html"/>
			<node icon="actionScriptIcon" label="AssetEvent.as" url="source/[source path] src/away3d/events/AssetEvent.as.html"/>
			<node icon="actionScriptIcon" label="GeometryEvent.as" url="source/[source path] src/away3d/events/GeometryEvent.as.html"/>
			<node icon="actionScriptIcon" label="LoaderEvent.as" url="source/[source path] src/away3d/events/LoaderEvent.as.html"/>
			<node icon="actionScriptIcon" label="MouseEvent3D.as" url="source/[source path] src/away3d/events/MouseEvent3D.as.html"/>
			<node icon="actionScriptIcon" label="ParserEvent.as" url="source/[source path] src/away3d/events/ParserEvent.as.html"/>
			<node icon="actionScriptIcon" label="PathEvent.as" url="source/[source path] src/away3d/events/PathEvent.as.html"/>
			<node icon="actionScriptIcon" label="Scene3DEvent.as" url="source/[source path] src/away3d/events/Scene3DEvent.as.html"/>
		</node>
		<node icon="packageIcon" label="[source path] src.away3d.extrusions" expanded="true">
			<node icon="actionScriptIcon" label="DelaunayMesh.as" url="source/[source path] src/away3d/extrusions/DelaunayMesh.as.html"/>
			<node icon="actionScriptIcon" label="Elevation.as" url="source/[source path] src/away3d/extrusions/Elevation.as.html"/>
			<node icon="actionScriptIcon" label="LatheExtrude.as" url="source/[source path] src/away3d/extrusions/LatheExtrude.as.html"/>
			<node icon="actionScriptIcon" label="LinearExtrude.as" url="source/[source path] src/away3d/extrusions/LinearExtrude.as.html"/>
			<node icon="actionScriptIcon" label="PathDuplicator.as" url="source/[source path] src/away3d/extrusions/PathDuplicator.as.html"/>
			<node icon="actionScriptIcon" label="PathExtrude.as" url="source/[source path] src/away3d/extrusions/PathExtrude.as.html"/>
			<node icon="actionScriptIcon" label="SkinExtrude.as" url="source/[source path] src/away3d/extrusions/SkinExtrude.as.html"/>
		</node>
		<node icon="packageIcon" label="[source path] src.away3d.extrusions.utils" expanded="true">
			<node icon="actionScriptIcon" label="Path.as" url="source/[source path] src/away3d/extrusions/utils/Path.as.html"/>
			<node icon="actionScriptIcon" label="PathSegment.as" url="source/[source path] src/away3d/extrusions/utils/PathSegment.as.html"/>
			<node icon="actionScriptIcon" label="PathUtils.as" url="source/[source path] src/away3d/extrusions/utils/PathUtils.as.html"/>
		</node>
		<node icon="packageIcon" label="[source path] src.away3d.filters" expanded="true">
			<node icon="actionScriptIcon" label="BloomFilter3D.as" url="source/[source path] src/away3d/filters/BloomFilter3D.as.html"/>
			<node icon="actionScriptIcon" label="BlurFilter3D.as" url="source/[source path] src/away3d/filters/BlurFilter3D.as.html"/>
			<node icon="actionScriptIcon" label="DepthOfFieldFilter3D.as" url="source/[source path] src/away3d/filters/DepthOfFieldFilter3D.as.html"/>
			<node icon="actionScriptIcon" label="Filter3DBase.as" url="source/[source path] src/away3d/filters/Filter3DBase.as.html"/>
			<node icon="actionScriptIcon" label="MotionBlurFilter3D.as" url="source/[source path] src/away3d/filters/MotionBlurFilter3D.as.html"/>
		</node>
		<node icon="packageIcon" label="[source path] src.away3d.library" expanded="true">
			<node icon="actionScriptIcon" label="AssetLibrary.as" url="source/[source path] src/away3d/library/AssetLibrary.as.html"/>
		</node>
		<node icon="packageIcon" label="[source path] src.away3d.library.assets" expanded="true">
			<node icon="actionScriptIcon" label="AssetType.as" url="source/[source path] src/away3d/library/assets/AssetType.as.html"/>
			<node icon="actionScriptIcon" label="BitmapDataAsset.as" url="source/[source path] src/away3d/library/assets/BitmapDataAsset.as.html"/>
			<node icon="actionScriptIcon" label="IAsset.as" url="source/[source path] src/away3d/library/assets/IAsset.as.html"/>
			<node icon="actionScriptIcon" label="NamedAssetBase.as" url="source/[source path] src/away3d/library/assets/NamedAssetBase.as.html"/>
		</node>
		<node icon="packageIcon" label="[source path] src.away3d.library.naming" expanded="true">
			<node icon="actionScriptIcon" label="ConflictPrecedence.as" url="source/[source path] src/away3d/library/naming/ConflictPrecedence.as.html"/>
			<node icon="actionScriptIcon" label="ConflictStrategy.as" url="source/[source path] src/away3d/library/naming/ConflictStrategy.as.html"/>
			<node icon="actionScriptIcon" label="ConflictStrategyBase.as" url="source/[source path] src/away3d/library/naming/ConflictStrategyBase.as.html"/>
			<node icon="actionScriptIcon" label="ErrorConflictStrategy.as" url="source/[source path] src/away3d/library/naming/ErrorConflictStrategy.as.html"/>
			<node icon="actionScriptIcon" label="IgnoreConflictStrategy.as" url="source/[source path] src/away3d/library/naming/IgnoreConflictStrategy.as.html"/>
			<node icon="actionScriptIcon" label="NumSuffixConflictStrategy.as" url="source/[source path] src/away3d/library/naming/NumSuffixConflictStrategy.as.html"/>
		</node>
		<node icon="packageIcon" label="[source path] src.away3d.library.utils" expanded="true">
			<node icon="actionScriptIcon" label="AssetLibraryIterator.as" url="source/[source path] src/away3d/library/utils/AssetLibraryIterator.as.html"/>
		</node>
		<node icon="packageIcon" label="[source path] src.away3d.lights" expanded="true">
			<node icon="actionScriptIcon" label="DirectionalLight.as" url="source/[source path] src/away3d/lights/DirectionalLight.as.html"/>
			<node icon="actionScriptIcon" label="LightBase.as" url="source/[source path] src/away3d/lights/LightBase.as.html"/>
			<node icon="actionScriptIcon" label="PointLight.as" url="source/[source path] src/away3d/lights/PointLight.as.html"/>
		</node>
		<node icon="packageIcon" label="[source path] src.away3d.lights.shadowmaps" expanded="true">
			<node icon="actionScriptIcon" label="DirectionalShadowMapper.as" url="source/[source path] src/away3d/lights/shadowmaps/DirectionalShadowMapper.as.html"/>
			<node icon="actionScriptIcon" label="PlanarShadowMapper.as" url="source/[source path] src/away3d/lights/shadowmaps/PlanarShadowMapper.as.html"/>
			<node icon="actionScriptIcon" label="ShadowMapperBase.as" url="source/[source path] src/away3d/lights/shadowmaps/ShadowMapperBase.as.html"/>
		</node>
		<node icon="packageIcon" label="[source path] src.away3d.loaders" expanded="true">
			<node icon="actionScriptIcon" label="AssetLoader.as" url="source/[source path] src/away3d/loaders/AssetLoader.as.html"/>
			<node icon="actionScriptIcon" label="Loader3D.as" url="source/[source path] src/away3d/loaders/Loader3D.as.html"/>
		</node>
		<node icon="packageIcon" label="[source path] src.away3d.loaders.misc" expanded="true">
			<node icon="actionScriptIcon" label="AssetLoaderContext.as" url="source/[source path] src/away3d/loaders/misc/AssetLoaderContext.as.html"/>
			<node icon="actionScriptIcon" label="AssetLoaderToken.as" url="source/[source path] src/away3d/loaders/misc/AssetLoaderToken.as.html"/>
			<node icon="actionScriptIcon" label="ResourceDependency.as" url="source/[source path] src/away3d/loaders/misc/ResourceDependency.as.html"/>
			<node icon="actionScriptIcon" label="SingleFileLoader.as" url="source/[source path] src/away3d/loaders/misc/SingleFileLoader.as.html"/>
		</node>
		<node icon="packageIcon" label="[source path] src.away3d.loaders.parsers" expanded="true">
			<node icon="actionScriptIcon" label="AC3DParser.as" url="source/[source path] src/away3d/loaders/parsers/AC3DParser.as.html"/>
			<node icon="actionScriptIcon" label="AWD1Parser.as" url="source/[source path] src/away3d/loaders/parsers/AWD1Parser.as.html"/>
			<node icon="actionScriptIcon" label="AWD2Parser.as" url="source/[source path] src/away3d/loaders/parsers/AWD2Parser.as.html"/>
			<node icon="actionScriptIcon" label="AWDParser.as" url="source/[source path] src/away3d/loaders/parsers/AWDParser.as.html"/>
			<node icon="actionScriptIcon" label="ImageParser.as" url="source/[source path] src/away3d/loaders/parsers/ImageParser.as.html"/>
			<node icon="actionScriptIcon" label="JSONOBJParser.as" url="source/[source path] src/away3d/loaders/parsers/JSONOBJParser.as.html"/>
			<node icon="actionScriptIcon" label="Max3DSParser.as" url="source/[source path] src/away3d/loaders/parsers/Max3DSParser.as.html"/>
			<node icon="actionScriptIcon" label="MD2Parser.as" url="source/[source path] src/away3d/loaders/parsers/MD2Parser.as.html"/>
			<node icon="actionScriptIcon" label="MD5AnimParser.as" url="source/[source path] src/away3d/loaders/parsers/MD5AnimParser.as.html"/>
			<node icon="actionScriptIcon" label="MD5MeshParser.as" url="source/[source path] src/away3d/loaders/parsers/MD5MeshParser.as.html"/>
			<node icon="actionScriptIcon" label="OBJParser.as" url="source/[source path] src/away3d/loaders/parsers/OBJParser.as.html"/>
			<node icon="actionScriptIcon" label="ParserBase.as" url="source/[source path] src/away3d/loaders/parsers/ParserBase.as.html"/>
			<node icon="actionScriptIcon" label="ParserDataFormat.as" url="source/[source path] src/away3d/loaders/parsers/ParserDataFormat.as.html"/>
			<node icon="actionScriptIcon" label="Parsers.as" url="source/[source path] src/away3d/loaders/parsers/Parsers.as.html"/>
		</node>
		<node icon="packageIcon" label="[source path] src.away3d.loaders.parsers.data" expanded="true">
			<node icon="actionScriptIcon" label="DefaultBitmapData.as" url="source/[source path] src/away3d/loaders/parsers/data/DefaultBitmapData.as.html"/>
		</node>
		<node icon="packageIcon" label="[source path] src.away3d.materials" expanded="true">
			<node icon="actionScriptIcon" label="AnimatedBitmapMaterial.as" url="source/[source path] src/away3d/materials/AnimatedBitmapMaterial.as.html"/>
			<node icon="actionScriptIcon" label="BitmapFileMaterial.as" url="source/[source path] src/away3d/materials/BitmapFileMaterial.as.html"/>
			<node icon="actionScriptIcon" label="BitmapMaterial.as" url="source/[source path] src/away3d/materials/BitmapMaterial.as.html"/>
			<node icon="actionScriptIcon" label="ColorMaterial.as" url="source/[source path] src/away3d/materials/ColorMaterial.as.html"/>
			<node icon="actionScriptIcon" label="DefaultMaterialBase.as" url="source/[source path] src/away3d/materials/DefaultMaterialBase.as.html"/>
			<node icon="actionScriptIcon" label="MaterialBase.as" url="source/[source path] src/away3d/materials/MaterialBase.as.html"/>
			<node icon="actionScriptIcon" label="MaterialLibrary.as" url="source/[source path] src/away3d/materials/MaterialLibrary.as.html"/>
			<node icon="actionScriptIcon" label="SegmentMaterial.as" url="source/[source path] src/away3d/materials/SegmentMaterial.as.html"/>
			<node icon="actionScriptIcon" label="SkyBoxMaterial.as" url="source/[source path] src/away3d/materials/SkyBoxMaterial.as.html"/>
			<node icon="actionScriptIcon" label="VideoMaterial.as" url="source/[source path] src/away3d/materials/VideoMaterial.as.html"/>
		</node>
		<node icon="packageIcon" label="[source path] src.away3d.materials.methods" expanded="true">
			<node icon="actionScriptIcon" label="BasicAmbientMethod.as" url="source/[source path] src/away3d/materials/methods/BasicAmbientMethod.as.html"/>
			<node icon="actionScriptIcon" label="BasicDiffuseMethod.as" url="source/[source path] src/away3d/materials/methods/BasicDiffuseMethod.as.html"/>
			<node icon="actionScriptIcon" label="BasicSpecularMethod.as" url="source/[source path] src/away3d/materials/methods/BasicSpecularMethod.as.html"/>
			<node icon="actionScriptIcon" label="CelDiffuseMethod.as" url="source/[source path] src/away3d/materials/methods/CelDiffuseMethod.as.html"/>
			<node icon="actionScriptIcon" label="CelSpecularMethod.as" url="source/[source path] src/away3d/materials/methods/CelSpecularMethod.as.html"/>
			<node icon="actionScriptIcon" label="ColorTransformMethod.as" url="source/[source path] src/away3d/materials/methods/ColorTransformMethod.as.html"/>
			<node icon="actionScriptIcon" label="EnvMapAmbientMethod.as" url="source/[source path] src/away3d/materials/methods/EnvMapAmbientMethod.as.html"/>
			<node icon="actionScriptIcon" label="EnvMapDiffuseMethod.as" url="source/[source path] src/away3d/materials/methods/EnvMapDiffuseMethod.as.html"/>
			<node icon="actionScriptIcon" label="EnvMapMethod.as" url="source/[source path] src/away3d/materials/methods/EnvMapMethod.as.html"/>
			<node icon="actionScriptIcon" label="FilteredShadowMapMethod.as" url="source/[source path] src/away3d/materials/methods/FilteredShadowMapMethod.as.html"/>
			<node icon="actionScriptIcon" label="FogMethod.as" url="source/[source path] src/away3d/materials/methods/FogMethod.as.html"/>
			<node icon="actionScriptIcon" label="FresnelSpecularMethod.as" url="source/[source path] src/away3d/materials/methods/FresnelSpecularMethod.as.html"/>
			<node icon="actionScriptIcon" label="HardShadowMapMethod.as" url="source/[source path] src/away3d/materials/methods/HardShadowMapMethod.as.html"/>
			<node icon="actionScriptIcon" label="LightingMethodBase.as" url="source/[source path] src/away3d/materials/methods/LightingMethodBase.as.html"/>
			<node icon="actionScriptIcon" label="ProjectiveTextureMethod.as" url="source/[source path] src/away3d/materials/methods/ProjectiveTextureMethod.as.html"/>
			<node icon="actionScriptIcon" label="RimLightMethod.as" url="source/[source path] src/away3d/materials/methods/RimLightMethod.as.html"/>
			<node icon="actionScriptIcon" label="ShadingMethodBase.as" url="source/[source path] src/away3d/materials/methods/ShadingMethodBase.as.html"/>
			<node icon="actionScriptIcon" label="SlowFilteredShadowMapMethod.as" url="source/[source path] src/away3d/materials/methods/SlowFilteredShadowMapMethod.as.html"/>
			<node icon="actionScriptIcon" label="SoftShadowMapMethod.as" url="source/[source path] src/away3d/materials/methods/SoftShadowMapMethod.as.html"/>
			<node icon="actionScriptIcon" label="SubsurfaceScatteringDiffuseMethod.as" url="source/[source path] src/away3d/materials/methods/SubsurfaceScatteringDiffuseMethod.as.html"/>
			<node icon="actionScriptIcon" label="TerrainDiffuseMethod.as" url="source/[source path] src/away3d/materials/methods/TerrainDiffuseMethod.as.html"/>
			<node icon="actionScriptIcon" label="WrapDiffuseMethod.as" url="source/[source path] src/away3d/materials/methods/WrapDiffuseMethod.as.html"/>
			<node icon="actionScriptIcon" label="WrapSpecularMethod.as" url="source/[source path] src/away3d/materials/methods/WrapSpecularMethod.as.html"/>
		</node>
		<node icon="packageIcon" label="[source path] src.away3d.materials.passes" expanded="true">
			<node icon="actionScriptIcon" label="DefaultScreenPass.as" url="source/[source path] src/away3d/materials/passes/DefaultScreenPass.as.html"/>
			<node icon="actionScriptIcon" label="DepthMapPass.as" url="source/[source path] src/away3d/materials/passes/DepthMapPass.as.html"/>
			<node icon="actionScriptIcon" label="MaterialPassBase.as" url="source/[source path] src/away3d/materials/passes/MaterialPassBase.as.html"/>
			<node icon="actionScriptIcon" label="SegmentPass.as" url="source/[source path] src/away3d/materials/passes/SegmentPass.as.html"/>
			<node icon="actionScriptIcon" label="SingleObjectDepthPass.as" url="source/[source path] src/away3d/materials/passes/SingleObjectDepthPass.as.html"/>
			<node icon="actionScriptIcon" label="SkyBoxPass.as" url="source/[source path] src/away3d/materials/passes/SkyBoxPass.as.html"/>
		</node>
		<node icon="packageIcon" label="[source path] src.away3d.materials.utils" expanded="true">
			<node icon="actionScriptIcon" label="AGAL.as" url="source/[source path] src/away3d/materials/utils/AGAL.as.html"/>
			<node icon="actionScriptIcon" label="CubeMap.as" url="source/[source path] src/away3d/materials/utils/CubeMap.as.html"/>
			<node icon="actionScriptIcon" label="IVideoPlayer.as" url="source/[source path] src/away3d/materials/utils/IVideoPlayer.as.html"/>
			<node icon="actionScriptIcon" label="MipmapGenerator.as" url="source/[source path] src/away3d/materials/utils/MipmapGenerator.as.html"/>
			<node icon="actionScriptIcon" label="MultipleMaterials.as" url="source/[source path] src/away3d/materials/utils/MultipleMaterials.as.html"/>
			<node icon="actionScriptIcon" label="RegisterPool.as" url="source/[source path] src/away3d/materials/utils/RegisterPool.as.html"/>
			<node icon="actionScriptIcon" label="ShaderRegisterCache.as" url="source/[source path] src/away3d/materials/utils/ShaderRegisterCache.as.html"/>
			<node icon="actionScriptIcon" label="ShaderRegisterElement.as" url="source/[source path] src/away3d/materials/utils/ShaderRegisterElement.as.html"/>
			<node icon="actionScriptIcon" label="SimpleVideoPlayer.as" url="source/[source path] src/away3d/materials/utils/SimpleVideoPlayer.as.html"/>
			<node icon="actionScriptIcon" label="WireframeMapGenerator.as" url="source/[source path] src/away3d/materials/utils/WireframeMapGenerator.as.html"/>
		</node>
		<node label="[source path] src.away3d.pbks">
			<node label="NormalizeSplats.pbj" url="source/[source path] src/away3d/pbks/NormalizeSplats.pbj"/>
			<node label="NormalizeSplats.pbk" url="source/[source path] src/away3d/pbks/NormalizeSplats.pbk"/>
		</node>
		<node icon="packageIcon" label="[source path] src.away3d.primitives" expanded="true">
			<node icon="actionScriptIcon" label="Cone.as" url="source/[source path] src/away3d/primitives/Cone.as.html"/>
			<node icon="actionScriptIcon" label="Cube.as" url="source/[source path] src/away3d/primitives/Cube.as.html"/>
			<node icon="actionScriptIcon" label="Cylinder.as" url="source/[source path] src/away3d/primitives/Cylinder.as.html"/>
			<node icon="actionScriptIcon" label="LineSegment.as" url="source/[source path] src/away3d/primitives/LineSegment.as.html"/>
			<node icon="actionScriptIcon" label="Plane.as" url="source/[source path] src/away3d/primitives/Plane.as.html"/>
			<node icon="actionScriptIcon" label="PrimitiveBase.as" url="source/[source path] src/away3d/primitives/PrimitiveBase.as.html"/>
			<node icon="actionScriptIcon" label="RegularPolygon.as" url="source/[source path] src/away3d/primitives/RegularPolygon.as.html"/>
			<node icon="actionScriptIcon" label="SkyBox.as" url="source/[source path] src/away3d/primitives/SkyBox.as.html"/>
			<node icon="actionScriptIcon" label="Sphere.as" url="source/[source path] src/away3d/primitives/Sphere.as.html"/>
			<node icon="actionScriptIcon" label="WireframeAxesGrid.as" url="source/[source path] src/away3d/primitives/WireframeAxesGrid.as.html"/>
			<node icon="actionScriptIcon" label="WireframeCube.as" url="source/[source path] src/away3d/primitives/WireframeCube.as.html"/>
			<node icon="actionScriptIcon" label="WireframeGrid.as" url="source/[source path] src/away3d/primitives/WireframeGrid.as.html"/>
			<node icon="actionScriptIcon" label="WireframePlane.as" url="source/[source path] src/away3d/primitives/WireframePlane.as.html"/>
			<node icon="actionScriptIcon" label="WireframePrimitiveBase.as" url="source/[source path] src/away3d/primitives/WireframePrimitiveBase.as.html"/>
			<node icon="actionScriptIcon" label="WireframeSphere.as" url="source/[source path] src/away3d/primitives/WireframeSphere.as.html"/>
		</node>
		<node icon="packageIcon" label="[source path] src.away3d.primitives.data" expanded="true">
			<node icon="actionScriptIcon" label="Segment.as" url="source/[source path] src/away3d/primitives/data/Segment.as.html"/>
		</node>
		<node icon="packageIcon" label="[source path] src.away3d.tools" expanded="true">
			<node icon="actionScriptIcon" label="Align.as" url="source/[source path] src/away3d/tools/Align.as.html"/>
			<node icon="actionScriptIcon" label="Explode.as" url="source/[source path] src/away3d/tools/Explode.as.html"/>
			<node icon="actionScriptIcon" label="FaceHelper.as" url="source/[source path] src/away3d/tools/FaceHelper.as.html"/>
			<node icon="actionScriptIcon" label="Grid.as" url="source/[source path] src/away3d/tools/Grid.as.html"/>
			<node icon="actionScriptIcon" label="LightsHelper.as" url="source/[source path] src/away3d/tools/LightsHelper.as.html"/>
			<node icon="actionScriptIcon" label="Merge.as" url="source/[source path] src/away3d/tools/Merge.as.html"/>
			<node icon="actionScriptIcon" label="MeshDebugger.as" url="source/[source path] src/away3d/tools/MeshDebugger.as.html"/>
			<node icon="actionScriptIcon" label="MeshHelper.as" url="source/[source path] src/away3d/tools/MeshHelper.as.html"/>
			<node icon="actionScriptIcon" label="Mirror.as" url="source/[source path] src/away3d/tools/Mirror.as.html"/>
			<node icon="actionScriptIcon" label="Weld.as" url="source/[source path] src/away3d/tools/Weld.as.html"/>
		</node>
		<node icon="packageIcon" label="[source path] src.away3d.tools.data" expanded="true">
			<node icon="actionScriptIcon" label="MeshDebug.as" url="source/[source path] src/away3d/tools/data/MeshDebug.as.html"/>
		</node>
		<node icon="packageIcon" label="[source path] src.away3d.tools.serialize" expanded="true">
			<node icon="actionScriptIcon" label="Serialize.as" url="source/[source path] src/away3d/tools/serialize/Serialize.as.html"/>
			<node icon="actionScriptIcon" label="SerializerBase.as" url="source/[source path] src/away3d/tools/serialize/SerializerBase.as.html"/>
			<node icon="actionScriptIcon" label="TraceSerializer.as" url="source/[source path] src/away3d/tools/serialize/TraceSerializer.as.html"/>
		</node>
		<node icon="packageIcon" label="[source path] src.away3d.tools.utils" expanded="true">
			<node icon="actionScriptIcon" label="BaryCentricTest.as" url="source/[source path] src/away3d/tools/utils/BaryCentricTest.as.html"/>
			<node icon="actionScriptIcon" label="Bounds.as" url="source/[source path] src/away3d/tools/utils/Bounds.as.html"/>
			<node icon="actionScriptIcon" label="ColorHitMap.as" url="source/[source path] src/away3d/tools/utils/ColorHitMap.as.html"/>
			<node icon="actionScriptIcon" label="Drag3D.as" url="source/[source path] src/away3d/tools/utils/Drag3D.as.html"/>
			<node icon="actionScriptIcon" label="Ray.as" url="source/[source path] src/away3d/tools/utils/Ray.as.html"/>
		</node>
		<node icon="packageIcon" label="[source path] src.com.adobe.utils" expanded="true">
			<node icon="actionScriptIcon" label="AGALMiniAssembler.as" url="source/[source path] src/com/adobe/utils/AGALMiniAssembler.as.html"/>
		</node>
		<node label="src">
			<node label="assets">
				<node label="skybox">
					<node icon="imageIcon" label="nx.jpg" url="source/assets/skybox/nx.jpg.html"/>
					<node icon="imageIcon" label="ny.jpg" url="source/assets/skybox/ny.jpg.html"/>
					<node icon="imageIcon" label="nz.jpg" url="source/assets/skybox/nz.jpg.html"/>
					<node icon="imageIcon" label="px.jpg" url="source/assets/skybox/px.jpg.html"/>
					<node icon="imageIcon" label="py.jpg" url="source/assets/skybox/py.jpg.html"/>
					<node icon="imageIcon" label="pz.jpg" url="source/assets/skybox/pz.jpg.html"/>
				</node>
				<node icon="imageIcon" label="amd_rgbr.jpg" url="source/assets/amd_rgbr.jpg.html"/>
				<node icon="imageIcon" label="arrow_down_jumppad.jpg" url="source/assets/arrow_down_jumppad.jpg.html"/>
				<node icon="imageIcon" label="arrow_down_tele.jpg" url="source/assets/arrow_down_tele.jpg.html"/>
				<node icon="imageIcon" label="arrow_down_weapon.jpg" url="source/assets/arrow_down_weapon.jpg.html"/>
				<node icon="imageIcon" label="arrow_left_jumppad.jpg" url="source/assets/arrow_left_jumppad.jpg.html"/>
				<node icon="imageIcon" label="arrow_left_tele.jpg" url="source/assets/arrow_left_tele.jpg.html"/>
				<node icon="imageIcon" label="arrow_left_weapon.jpg" url="source/assets/arrow_left_weapon.jpg.html"/>
				<node icon="imageIcon" label="arrow_right_jumppad.jpg" url="source/assets/arrow_right_jumppad.jpg.html"/>
				<node icon="imageIcon" label="arrow_right_tele.jpg" url="source/assets/arrow_right_tele.jpg.html"/>
				<node icon="imageIcon" label="arrow_right_weapon.jpg" url="source/assets/arrow_right_weapon.jpg.html"/>
				<node icon="imageIcon" label="arrow_up_jumppad.jpg" url="source/assets/arrow_up_jumppad.jpg.html"/>
				<node icon="imageIcon" label="arrow_up_tele.jpg" url="source/assets/arrow_up_tele.jpg.html"/>
				<node icon="imageIcon" label="arrow_up_weapon.jpg" url="source/assets/arrow_up_weapon.jpg.html"/>
				<node icon="imageIcon" label="arrows_jumppad.jpg" url="source/assets/arrows_jumppad.jpg.html"/>
				<node icon="imageIcon" label="arrows_tele.jpg" url="source/assets/arrows_tele.jpg.html"/>
				<node icon="imageIcon" label="arrows_weapon.jpg" url="source/assets/arrows_weapon.jpg.html"/>
				<node icon="imageIcon" label="ati_rgb.jpg" url="source/assets/ati_rgb.jpg.html"/>
				<node icon="imageIcon" label="dirt_grass.jpg" url="source/assets/dirt_grass.jpg.html"/>
				<node icon="imageIcon" label="e6basegrate.jpg" url="source/assets/e6basegrate.jpg.html"/>
				<node icon="imageIcon" label="e6btrim_light.jpg" url="source/assets/e6btrim_light.jpg.html"/>
				<node icon="imageIcon" label="e6btrim_light_blend.jpg" url="source/assets/e6btrim_light_blend.jpg.html"/>
				<node icon="imageIcon" label="e6dtrimnd.jpg" url="source/assets/e6dtrimnd.jpg.html"/>
				<node icon="imageIcon" label="e6grtfloorceil.jpg" url="source/assets/e6grtfloorceil.jpg.html"/>
				<node icon="imageIcon" label="e6strimlight.jpg" url="source/assets/e6strimlight.jpg.html"/>
				<node icon="imageIcon" label="e6strimlight_blend.jpg" url="source/assets/e6strimlight_blend.jpg.html"/>
				<node icon="imageIcon" label="e6strimlight_blend_green.jpg" url="source/assets/e6strimlight_blend_green.jpg.html"/>
				<node icon="imageIcon" label="e6strimlight_green.jpg" url="source/assets/e6strimlight_green.jpg.html"/>
				<node icon="imageIcon" label="e6tekmtlrflr_h.jpg" url="source/assets/e6tekmtlrflr_h.jpg.html"/>
				<node icon="imageIcon" label="e6tekmtlrflr_h_glow.jpg" url="source/assets/e6tekmtlrflr_h_glow.jpg.html"/>
				<node icon="imageIcon" label="e6trim_basic128.jpg" url="source/assets/e6trim_basic128.jpg.html"/>
				<node icon="imageIcon" label="e6v_light.jpg" url="source/assets/e6v_light.jpg.html"/>
				<node icon="imageIcon" label="e6v_light_blend.jpg" url="source/assets/e6v_light_blend.jpg.html"/>
				<node icon="imageIcon" label="e8_jumppad02_fx_green.jpg" url="source/assets/e8_jumppad02_fx_green.jpg.html"/>
				<node icon="imageIcon" label="e8_jumppad02_green.jpg" url="source/assets/e8_jumppad02_green.jpg.html"/>
				<node icon="imageIcon" label="e8_launchpad1.blend_green.jpg" url="source/assets/e8_launchpad1.blend_green.jpg.html"/>
				<node icon="imageIcon" label="e8_launchpad1.jpg" url="source/assets/e8_launchpad1.jpg.html"/>
				<node icon="imageIcon" label="e8_launchpad1_fx_green.jpg" url="source/assets/e8_launchpad1_fx_green.jpg.html"/>
				<node icon="imageIcon" label="e8_mtlwall1b.jpg" url="source/assets/e8_mtlwall1b.jpg.html"/>
				<node icon="imageIcon" label="e8_mtlwall4.jpg" url="source/assets/e8_mtlwall4.jpg.html"/>
				<node icon="imageIcon" label="e8beam02.jpg" url="source/assets/e8beam02.jpg.html"/>
				<node icon="imageIcon" label="e8bolttrimb_90.jpg" url="source/assets/e8bolttrimb_90.jpg.html"/>
				<node icon="imageIcon" label="e8bolttrimb_sfssf.jpg" url="source/assets/e8bolttrimb_sfssf.jpg.html"/>
				<node icon="imageIcon" label="e8clangfloor03.jpg" url="source/assets/e8clangfloor03.jpg.html"/>
				<node icon="imageIcon" label="e8clangfloor04warn.jpg" url="source/assets/e8clangfloor04warn.jpg.html"/>
				<node icon="imageIcon" label="e8clangfloor04warn2.jpg" url="source/assets/e8clangfloor04warn2.jpg.html"/>
				<node icon="imageIcon" label="e8clangwarnmix_c.jpg" url="source/assets/e8clangwarnmix_c.jpg.html"/>
				<node icon="imageIcon" label="e8crete03.jpg" url="source/assets/e8crete03.jpg.html"/>
				<node icon="imageIcon" label="e8crete03c.jpg" url="source/assets/e8crete03c.jpg.html"/>
				<node icon="imageIcon" label="e8cretefloor01.jpg" url="source/assets/e8cretefloor01.jpg.html"/>
				<node icon="imageIcon" label="e8cretefloor_tile.jpg" url="source/assets/e8cretefloor_tile.jpg.html"/>
				<node icon="imageIcon" label="e8jumpspawn02.jpg" url="source/assets/e8jumpspawn02.jpg.html"/>
				<node icon="imageIcon" label="e8jumpspawn02_fx.jpg" url="source/assets/e8jumpspawn02_fx.jpg.html"/>
				<node icon="imageIcon" label="e8mtltrim.jpg" url="source/assets/e8mtltrim.jpg.html"/>
				<node icon="imageIcon" label="e8spawn01b.jpg" url="source/assets/e8spawn01b.jpg.html"/>
				<node icon="imageIcon" label="e8support02.jpg" url="source/assets/e8support02.jpg.html"/>
				<node icon="imageIcon" label="e8support03.jpg" url="source/assets/e8support03.jpg.html"/>
				<node icon="imageIcon" label="e8supporttrim01.jpg" url="source/assets/e8supporttrim01.jpg.html"/>
				<node icon="imageIcon" label="e8tinylight.blend.jpg" url="source/assets/e8tinylight.blend.jpg.html"/>
				<node icon="imageIcon" label="e8tinylight.jpg" url="source/assets/e8tinylight.jpg.html"/>
				<node icon="imageIcon" label="e8tinylightblue.blend.jpg" url="source/assets/e8tinylightblue.blend.jpg.html"/>
				<node icon="imageIcon" label="e8tinylightblue.jpg" url="source/assets/e8tinylightblue.jpg.html"/>
				<node icon="imageIcon" label="e8trim_bluefx.jpg" url="source/assets/e8trim_bluefx.jpg.html"/>
				<node icon="imageIcon" label="e8trim_bluefx_arrow.jpg" url="source/assets/e8trim_bluefx_arrow.jpg.html"/>
				<node icon="imageIcon" label="e8trim_greenfx.jpg" url="source/assets/e8trim_greenfx.jpg.html"/>
				<node icon="imageIcon" label="e8trim_greenfx_arrow.jpg" url="source/assets/e8trim_greenfx_arrow.jpg.html"/>
				<node icon="imageIcon" label="e8trim_redfx.jpg" url="source/assets/e8trim_redfx.jpg.html"/>
				<node icon="imageIcon" label="e8trim_redfx_arrow.jpg" url="source/assets/e8trim_redfx_arrow.jpg.html"/>
				<node icon="imageIcon" label="e8trim_yellowfx.jpg" url="source/assets/e8trim_yellowfx.jpg.html"/>
				<node icon="imageIcon" label="e8trim_yellowfx_arrow.jpg" url="source/assets/e8trim_yellowfx_arrow.jpg.html"/>
				<node icon="imageIcon" label="e8trimfx_b.jpg" url="source/assets/e8trimfx_b.jpg.html"/>
				<node icon="imageIcon" label="e8trimfx_g.jpg" url="source/assets/e8trimfx_g.jpg.html"/>
				<node icon="imageIcon" label="e8trimfx_r.jpg" url="source/assets/e8trimfx_r.jpg.html"/>
				<node icon="imageIcon" label="e8trimfx_y.jpg" url="source/assets/e8trimfx_y.jpg.html"/>
				<node icon="imageIcon" label="e8trimlight.jpg" url="source/assets/e8trimlight.jpg.html"/>
				<node icon="imageIcon" label="e8trimlight_blendwhite.jpg" url="source/assets/e8trimlight_blendwhite.jpg.html"/>
				<node icon="imageIcon" label="e8warn2steplight.blend.jpg" url="source/assets/e8warn2steplight.blend.jpg.html"/>
				<node icon="imageIcon" label="e8warn2steplight.blend_red.jpg" url="source/assets/e8warn2steplight.blend_red.jpg.html"/>
				<node icon="imageIcon" label="e8warn2steplight.jpg" url="source/assets/e8warn2steplight.jpg.html"/>
				<node icon="imageIcon" label="e8wrntrim2.jpg" url="source/assets/e8wrntrim2.jpg.html"/>
				<node icon="imageIcon" label="elec_stripes.jpg" url="source/assets/elec_stripes.jpg.html"/>
				<node icon="imageIcon" label="energy2_red.jpg" url="source/assets/energy2_red.jpg.html"/>
				<node icon="imageIcon" label="energy3_red.jpg" url="source/assets/energy3_red.jpg.html"/>
				<node icon="imageIcon" label="energy_red.jpg" url="source/assets/energy_red.jpg.html"/>
				<node icon="imageIcon" label="fallingnumbers_1.jpg" url="source/assets/fallingnumbers_1.jpg.html"/>
				<node icon="imageIcon" label="fallingnumbers_2.jpg" url="source/assets/fallingnumbers_2.jpg.html"/>
				<node icon="imageIcon" label="fallingnumbers_3.jpg" url="source/assets/fallingnumbers_3.jpg.html"/>
				<node icon="imageIcon" label="fallingnumbers_4.jpg" url="source/assets/fallingnumbers_4.jpg.html"/>
				<node icon="imageIcon" label="glassblue_editor.jpg" url="source/assets/glassblue_editor.jpg.html"/>
				<node icon="imageIcon" label="glassblue_env.jpg" url="source/assets/glassblue_env.jpg.html"/>
				<node icon="imageIcon" label="glassblue_env_stripes.jpg" url="source/assets/glassblue_env_stripes.jpg.html"/>
				<node icon="imageIcon" label="glassfloor.jpg" url="source/assets/glassfloor.jpg.html"/>
				<node icon="imageIcon" label="gras_rock_blending.jpg" url="source/assets/gras_rock_blending.jpg.html"/>
				<node icon="imageIcon" label="grass_01.jpg" url="source/assets/grass_01.jpg.html"/>
				<node icon="imageIcon" label="grass_01_alpha.jpg" url="source/assets/grass_01_alpha.jpg.html"/>
				<node icon="imageIcon" label="jhnebula1_bk.jpg" url="source/assets/jhnebula1_bk.jpg.html"/>
				<node icon="imageIcon" label="jhnebula1_dn.jpg" url="source/assets/jhnebula1_dn.jpg.html"/>
				<node icon="imageIcon" label="jhnebula1_ft.jpg" url="source/assets/jhnebula1_ft.jpg.html"/>
				<node icon="imageIcon" label="jhnebula1_lf.jpg" url="source/assets/jhnebula1_lf.jpg.html"/>
				<node icon="imageIcon" label="jhnebula1_rt.jpg" url="source/assets/jhnebula1_rt.jpg.html"/>
				<node icon="imageIcon" label="jhnebula1_up.jpg" url="source/assets/jhnebula1_up.jpg.html"/>
				<node icon="imageIcon" label="msg.jpg" url="source/assets/msg.jpg.html"/>
				<node icon="imageIcon" label="noghost_black.jpg" url="source/assets/noghost_black.jpg.html"/>
				<node icon="imageIcon" label="pad_red.jpg" url="source/assets/pad_red.jpg.html"/>
				<node icon="imageIcon" label="plant.jpg" url="source/assets/plant.jpg.html"/>
				<node icon="imageIcon" label="red.JPG" url="source/assets/red.JPG.html"/>
				<node icon="imageIcon" label="ring_inside_jumppad.jpg" url="source/assets/ring_inside_jumppad.jpg.html"/>
				<node icon="imageIcon" label="ring_inside_tele.jpg" url="source/assets/ring_inside_tele.jpg.html"/>
				<node icon="imageIcon" label="ring_inside_weapon.jpg" url="source/assets/ring_inside_weapon.jpg.html"/>
				<node icon="imageIcon" label="ring_middle1_jumppad.jpg" url="source/assets/ring_middle1_jumppad.jpg.html"/>
				<node icon="imageIcon" label="ring_middle1_tele.jpg" url="source/assets/ring_middle1_tele.jpg.html"/>
				<node icon="imageIcon" label="ring_middle1_weapon.jpg" url="source/assets/ring_middle1_weapon.jpg.html"/>
				<node icon="imageIcon" label="ring_middle2_jumppad.jpg" url="source/assets/ring_middle2_jumppad.jpg.html"/>
				<node icon="imageIcon" label="ring_middle2_tele.jpg" url="source/assets/ring_middle2_tele.jpg.html"/>
				<node icon="imageIcon" label="ring_middle2_weapon.jpg" url="source/assets/ring_middle2_weapon.jpg.html"/>
				<node icon="imageIcon" label="ring_outside_jumppad.jpg" url="source/assets/ring_outside_jumppad.jpg.html"/>
				<node icon="imageIcon" label="ring_outside_tele.jpg" url="source/assets/ring_outside_tele.jpg.html"/>
				<node icon="imageIcon" label="ring_outside_weapon.jpg" url="source/assets/ring_outside_weapon.jpg.html"/>
				<node icon="imageIcon" label="rock_moss.jpg" url="source/assets/rock_moss.jpg.html"/>
				<node icon="imageIcon" label="rock_moss_blending.jpg" url="source/assets/rock_moss_blending.jpg.html"/>
				<node icon="imageIcon" label="rock_moss_phong.jpg" url="source/assets/rock_moss_phong.jpg.html"/>
				<node icon="imageIcon" label="rock_smooth.jpg" url="source/assets/rock_smooth.jpg.html"/>
				<node icon="imageIcon" label="rock_smooth_phong.jpg" url="source/assets/rock_smooth_phong.jpg.html"/>
				<node icon="imageIcon" label="sapphire_black.jpg" url="source/assets/sapphire_black.jpg.html"/>
				<node icon="imageIcon" label="sky_mask.jpg" url="source/assets/sky_mask.jpg.html"/>
				<node icon="imageIcon" label="sky_mask2.jpg" url="source/assets/sky_mask2.jpg.html"/>
				<node label="substation.js" url="source/assets/substation.js.txt"/>
				<node icon="imageIcon" label="teleporter_edge2_red.jpg" url="source/assets/teleporter_edge2_red.jpg.html"/>
				<node icon="imageIcon" label="teleporter_edge_red.jpg" url="source/assets/teleporter_edge_red.jpg.html"/>
				<node icon="imageIcon" label="teleporter_red.jpg" url="source/assets/teleporter_red.jpg.html"/>
				<node icon="imageIcon" label="ter_dirtgrass.jpg" url="source/assets/ter_dirtgrass.jpg.html"/>
				<node icon="imageIcon" label="ter_rockmoss.jpg" url="source/assets/ter_rockmoss.jpg.html"/>
				<node icon="imageIcon" label="transparency2_red.jpg" url="source/assets/transparency2_red.jpg.html"/>
				<node icon="imageIcon" label="transparency_red.jpg" url="source/assets/transparency_red.jpg.html"/>
				<node icon="imageIcon" label="tree2.jpg" url="source/assets/tree2.jpg.html"/>
				<node icon="imageIcon" label="widget_red.jpg" url="source/assets/widget_red.jpg.html"/>
			</node>
			<node icon="packageIcon" label="com.li.away3d.camera" expanded="true">
				<node icon="actionScriptIcon" label="MKSOCameraController.as" url="source/com/li/away3d/camera/MKSOCameraController.as.html"/>
				<node icon="actionScriptIcon" label="OCameraController.as" url="source/com/li/away3d/camera/OCameraController.as.html"/>
				<node icon="actionScriptIcon" label="SOCameraController.as" url="source/com/li/away3d/camera/SOCameraController.as.html"/>
			</node>
			<node icon="packageIcon" label="com.li.fluids.shallow" expanded="true">
				<node icon="actionScriptIcon" label="DisturbanceBrush.as" url="source/com/li/fluids/shallow/DisturbanceBrush.as.html"/>
				<node icon="actionScriptIcon" label="FluidDisturb.as" url="source/com/li/fluids/shallow/FluidDisturb.as.html"/>
				<node icon="actionScriptIcon" label="MemoryDisturbance.as" url="source/com/li/fluids/shallow/MemoryDisturbance.as.html"/>
				<node icon="actionScriptIcon" label="ShallowFluid.as" url="source/com/li/fluids/shallow/ShallowFluid.as.html"/>
			</node>
			<node icon="packageIcon" label="com.li.general.keyboard" expanded="true">
				<node icon="actionScriptIcon" label="KeyManager.as" url="source/com/li/general/keyboard/KeyManager.as.html"/>
			</node>
			<node label="com.li.pb">
				<node label="WaveDisplacement.pbj" url="source/com/li/pb/WaveDisplacement.pbj"/>
				<node label="WaveDisplacement.pbk" url="source/com/li/pb/WaveDisplacement.pbk"/>
				<node label="WaveNormals.pbj" url="source/com/li/pb/WaveNormals.pbj"/>
				<node label="WaveNormals.pbk" url="source/com/li/pb/WaveNormals.pbk"/>
				<node label="WaveTangents.pbj" url="source/com/li/pb/WaveTangents.pbj"/>
				<node label="WaveTangents.pbk" url="source/com/li/pb/WaveTangents.pbk"/>
			</node>
			<node icon="packageIcon" label="fr.nss" expanded="true">
				<node icon="actionScriptIcon" label="NSSClock.as" url="source/fr/nss/NSSClock.as.html"/>
			</node>
			<node icon="packageIcon" label="fr.nss.away4.core.animation" expanded="true">
				<node icon="actionScriptIcon" label="NSSSkinAnim.as" url="source/fr/nss/away4/core/animation/NSSSkinAnim.as.html"/>
				<node icon="actionScriptIcon" label="NSSSkinMesh.as" url="source/fr/nss/away4/core/animation/NSSSkinMesh.as.html"/>
			</node>
			<node icon="packageIcon" label="fr.nss.away4.core.animation.skeleton" expanded="true">
				<node icon="actionScriptIcon" label="NSSSkeletonSequenceController.as" url="source/fr/nss/away4/core/animation/skeleton/NSSSkeletonSequenceController.as.html"/>
			</node>
			<node icon="packageIcon" label="fr.nss.duck" expanded="true">
				<node icon="actionScriptIcon" label="DuckPuppet.as" url="source/fr/nss/duck/DuckPuppet.as.html"/>
				<node icon="actionScriptIcon" label="Ressource3D.as" url="source/fr/nss/duck/Ressource3D.as.html"/>
				<node icon="actionScriptIcon" label="World.as" url="source/fr/nss/duck/World.as.html"/>
			</node>
			<node icon="packageIcon" label="fr.nss.duck.anim" expanded="true">
				<node icon="actionScriptIcon" label="DuckBecAnim.as" url="source/fr/nss/duck/anim/DuckBecAnim.as.html"/>
				<node icon="actionScriptIcon" label="DuckBecEndWalk.as" url="source/fr/nss/duck/anim/DuckBecEndWalk.as.html"/>
				<node icon="actionScriptIcon" label="DuckBecStand01.as" url="source/fr/nss/duck/anim/DuckBecStand01.as.html"/>
				<node icon="actionScriptIcon" label="DuckBecStand02.as" url="source/fr/nss/duck/anim/DuckBecStand02.as.html"/>
				<node icon="actionScriptIcon" label="DuckBecStartWalk.as" url="source/fr/nss/duck/anim/DuckBecStartWalk.as.html"/>
				<node icon="actionScriptIcon" label="DuckBobyEndWalk.as" url="source/fr/nss/duck/anim/DuckBobyEndWalk.as.html"/>
				<node icon="actionScriptIcon" label="DuckBodyAnimTest.as" url="source/fr/nss/duck/anim/DuckBodyAnimTest.as.html"/>
				<node icon="actionScriptIcon" label="DuckBodyStand01.as" url="source/fr/nss/duck/anim/DuckBodyStand01.as.html"/>
				<node icon="actionScriptIcon" label="DuckBodyStand02.as" url="source/fr/nss/duck/anim/DuckBodyStand02.as.html"/>
				<node icon="actionScriptIcon" label="DuckBodyStartWalk.as" url="source/fr/nss/duck/anim/DuckBodyStartWalk.as.html"/>
				<node icon="actionScriptIcon" label="DuckEyeAnim.as" url="source/fr/nss/duck/anim/DuckEyeAnim.as.html"/>
				<node icon="actionScriptIcon" label="DuckFaceEndWalk.as" url="source/fr/nss/duck/anim/DuckFaceEndWalk.as.html"/>
				<node icon="actionScriptIcon" label="DuckFaceStand01.as" url="source/fr/nss/duck/anim/DuckFaceStand01.as.html"/>
				<node icon="actionScriptIcon" label="DuckFaceStand02.as" url="source/fr/nss/duck/anim/DuckFaceStand02.as.html"/>
				<node icon="actionScriptIcon" label="DuckFaceStartWalk.as" url="source/fr/nss/duck/anim/DuckFaceStartWalk.as.html"/>
			</node>
			<node icon="packageIcon" label="fr.nss.duck.mesh" expanded="true">
				<node icon="actionScriptIcon" label="DuckBec.as" url="source/fr/nss/duck/mesh/DuckBec.as.html"/>
				<node icon="actionScriptIcon" label="DuckBody.as" url="source/fr/nss/duck/mesh/DuckBody.as.html"/>
				<node icon="actionScriptIcon" label="DuckEye.as" url="source/fr/nss/duck/mesh/DuckEye.as.html"/>
			</node>
			<node icon="actionScriptIcon" label="HoverDragController.as" url="source/HoverDragController.as.html"/>
			<node icon="mxmlAppIcon" selected="true" label="LoaderOBJTest.as" url="source/LoaderOBJTest.as.html"/>
		</node>
	</nodes>
	<zipfile label="Download source (ZIP, 5153K)" url="LoaderOBJTest.zip">
	</zipfile>
	<sdklink label="Download Flex SDK" url="http://www.adobe.com/go/flex4_sdk_download">
	</sdklink>
</index>
