{"username": "vegastrikeartteam", "description": "This deep space relay has provisions for communication and docking for resupply and maintenance. Painting from the Highborn faction in Vega Strike", "license": "This work is licensed under a Creative Commons Attribution 3.0 Unported License.<br>                More information about this license can be obtained <br/>                <a href='http://creativecommons.org/licenses/by/3.0/'>here</a><br/><br/><img src='cclogo.png'/><br/><br/><br/>", "author": "", "dbid": "1453", "title": "Relay with Highborn Markings", "userid": "244", "bounds": [2386.8798830000001, 4246.5050044999998, 2386.8798830000001], "up_axis": "Y_UP", "db": "None", "o3dscene": "units/installations/Relay/highrelay", "preview": "true", "center": [0.0, -1156.9749755, 0.0]}